YEAR,WEEK,AGE 0-4,AGE 25-49,AGE 25-64,AGE 5-24,AGE 50-64,AGE 65,ILITOTAL,TOTAL PATIENTS,ILI percent
1997,40,179,X,157,205,X,29,570,46842,1.216856667
1997,41,199,X,151,242,X,23,615,48023,1.280636362
1997,42,228,X,153,266,X,34,681,54961,1.239060425
1997,43,188,X,193,236,X,36,653,57044,1.144730384
1997,44,217,X,162,280,X,41,700,55506,1.261124923
1997,45,178,X,148,281,X,48,655,51062,1.282754299
1997,46,294,X,240,328,X,70,932,64463,1.445790609
1997,47,288,X,293,456,X,63,1100,66749,1.647964764
1997,48,268,X,206,343,X,69,886,52890,1.675174891
1997,49,299,X,282,415,X,102,1098,67887,1.61739361
1997,50,346,X,268,388,X,81,1083,61314,1.766317644
1997,51,348,X,235,362,X,59,1004,47719,2.103983738
1997,52,510,X,404,492,X,113,1519,48429,3.136550414
1997,53,579,X,584,576,X,207,1946,52333,3.718495022
1998,1,639,X,759,810,X,207,2415,67228,3.592253228
1998,2,690,X,654,1121,X,148,2613,70828,3.689218953
1998,3,856,X,679,1440,X,151,3126,67898,4.603964771
1998,4,824,X,817,1600,X,196,3437,69999,4.910070144
1998,5,881,X,769,1471,X,233,3354,69486,4.8268716
1998,6,699,X,671,1101,X,146,2617,66322,3.945900305
1998,7,457,X,523,849,X,119,1948,62675,3.108097327
1998,8,313,X,330,534,X,112,1289,60247,2.13952562
1998,9,241,X,214,308,X,64,827,57449,1.439537677
1998,10,201,X,183,305,X,59,748,50582,1.47878692
1998,11,162,X,123,249,X,51,585,53889,1.085564772
1998,12,156,X,93,196,X,41,486,48699,0.997967104
1998,13,90,X,92,144,X,32,358,48105,0.744205384
1998,14,82,X,93,152,X,41,368,42959,0.856630741
1998,15,64,X,73,106,X,19,262,42140,0.621737067
1998,16,82,X,68,100,X,15,265,39496,0.670954021
1998,17,58,X,61,120,X,27,266,38324,0.694082037
1998,18,39,X,64,93,X,13,209,35821,0.583456632
1998,19,79,X,37,61,X,9,186,32200,0.577639752
1998,20,54,X,40,52,X,19,165,27263,0.60521586
1998,21,X,X,X,X,X,X,X,X,#VALUE!
1998,22,X,X,X,X,X,X,X,X,#VALUE!
1998,23,X,X,X,X,X,X,X,X,#VALUE!
1998,24,X,X,X,X,X,X,X,X,#VALUE!
1998,25,X,X,X,X,X,X,X,X,#VALUE!
1998,26,X,X,X,X,X,X,X,X,#VALUE!
1998,27,X,X,X,X,X,X,X,X,#VALUE!
1998,28,X,X,X,X,X,X,X,X,#VALUE!
1998,29,X,X,X,X,X,X,X,X,#VALUE!
1998,30,X,X,X,X,X,X,X,X,#VALUE!
1998,31,X,X,X,X,X,X,X,X,#VALUE!
1998,32,X,X,X,X,X,X,X,X,#VALUE!
1998,33,X,X,X,X,X,X,X,X,#VALUE!
1998,34,X,X,X,X,X,X,X,X,#VALUE!
1998,35,X,X,X,X,X,X,X,X,#VALUE!
1998,36,X,X,X,X,X,X,X,X,#VALUE!
1998,37,X,X,X,X,X,X,X,X,#VALUE!
1998,38,X,X,X,X,X,X,X,X,#VALUE!
1998,39,X,X,X,X,X,X,X,X,#VALUE!
1998,40,115,X,139,210,X,26,490,70272,0.697290528
1998,41,133,X,174,262,X,36,605,77092,0.784776631
1998,42,217,X,225,287,X,54,783,86720,0.902905904
1998,43,278,X,226,530,X,52,1086,95437,1.137923447
1998,44,298,X,262,414,X,60,1034,101821,1.015507606
1998,45,258,X,292,402,X,70,1022,102108,1.000901007
1998,46,355,X,281,478,X,64,1178,103429,1.138945557
1998,47,291,X,322,512,X,83,1208,83346,1.449379694
1998,48,319,X,310,453,X,94,1176,103241,1.139082341
1998,49,353,X,303,461,X,85,1202,103600,1.16023166
1998,50,312,X,320,426,X,83,1141,97416,1.171265501
1998,51,335,X,296,359,X,74,1064,71380,1.490613617
1998,52,418,X,466,377,X,162,1423,77216,1.842882304
1999,1,439,X,659,548,X,134,1780,97593,1.823901304
1999,2,431,X,962,874,X,140,2407,94632,2.54353707
1999,3,801,X,1168,1689,X,206,3864,106864,3.61581075
1999,4,755,X,1419,2185,X,186,4545,111421,4.079123325
1999,5,970,X,1562,2919,X,219,5670,111667,5.077596783
1999,6,1029,X,1591,2911,X,237,5768,114244,5.048842828
1999,7,822,X,1599,2275,X,224,4920,104830,4.693312983
1999,8,800,X,1520,1932,X,234,4486,105946,4.234232534
1999,9,769,X,1357,1543,X,241,3910,97176,4.023627233
1999,10,539,X,1041,1140,X,202,2922,97612,2.993484408
1999,11,458,X,704,778,X,130,2070,87063,2.377588643
1999,12,378,X,548,641,X,129,1696,84079,2.017150537
1999,13,243,X,382,397,X,69,1091,79237,1.376882012
1999,14,127,X,202,265,X,38,632,71588,0.882829525
1999,15,102,X,102,175,X,17,396,64515,0.613810742
1999,16,59,X,66,133,X,13,271,64253,0.42177019
1999,17,111,X,118,150,X,20,399,64824,0.615512773
1999,18,35,X,50,84,X,11,180,59546,0.302287307
1999,19,102,X,88,86,X,16,292,55872,0.522623139
1999,20,100,X,68,100,X,15,283,53444,0.529526233
1999,21,X,X,X,X,X,X,X,X,#VALUE!
1999,22,X,X,X,X,X,X,X,X,#VALUE!
1999,23,X,X,X,X,X,X,X,X,#VALUE!
1999,24,X,X,X,X,X,X,X,X,#VALUE!
1999,25,X,X,X,X,X,X,X,X,#VALUE!
1999,26,X,X,X,X,X,X,X,X,#VALUE!
1999,27,X,X,X,X,X,X,X,X,#VALUE!
1999,28,X,X,X,X,X,X,X,X,#VALUE!
1999,29,X,X,X,X,X,X,X,X,#VALUE!
1999,30,X,X,X,X,X,X,X,X,#VALUE!
1999,31,X,X,X,X,X,X,X,X,#VALUE!
1999,32,X,X,X,X,X,X,X,X,#VALUE!
1999,33,X,X,X,X,X,X,X,X,#VALUE!
1999,34,X,X,X,X,X,X,X,X,#VALUE!
1999,35,X,X,X,X,X,X,X,X,#VALUE!
1999,36,X,X,X,X,X,X,X,X,#VALUE!
1999,37,X,X,X,X,X,X,X,X,#VALUE!
1999,38,X,X,X,X,X,X,X,X,#VALUE!
1999,39,X,X,X,X,X,X,X,X,#VALUE!
1999,40,264,X,228,273,X,26,791,80941,0.977255038
1999,41,292,X,297,351,X,57,997,93434,1.067063382
1999,42,346,X,293,371,X,57,1067,113187,0.942687764
1999,43,371,X,289,367,X,62,1089,107163,1.016208953
1999,44,438,X,434,607,X,91,1570,131448,1.194388656
1999,45,473,X,461,535,X,101,1570,126461,1.241489471
1999,46,443,X,544,622,X,92,1701,132304,1.285675414
1999,47,483,X,714,504,X,132,1833,108377,1.691318269
1999,48,518,X,994,835,X,137,2484,142980,1.737305917
1999,49,643,X,1316,1124,X,181,3264,139657,2.3371546
1999,50,828,X,1676,1405,X,299,4208,143607,2.930219279
1999,51,1130,X,2189,1399,X,450,5168,116927,4.419851702
1999,52,1339,X,3146,1697,X,664,6846,121233,5.646977308
2000,1,1314,X,3250,2043,X,665,7272,141197,5.150251068
2000,2,1011,X,2251,1746,X,462,5470,140143,3.903156062
2000,3,851,X,1357,1334,X,315,3857,132462,2.911778472
2000,4,722,X,962,1048,X,169,2901,134511,2.156700939
2000,5,633,X,786,914,X,145,2478,136683,1.812954062
2000,6,599,X,646,862,X,116,2223,137511,1.616597945
2000,7,539,X,447,610,X,72,1668,131648,1.26701507
2000,8,452,X,328,481,X,64,1325,116119,1.141070798
2000,9,499,X,360,477,X,49,1385,112138,1.235085341
2000,10,381,X,256,394,X,57,1088,106737,1.019327881
2000,11,342,X,206,342,X,44,934,100814,0.926458627
2000,12,305,X,229,346,X,37,917,100658,0.911005583
2000,13,282,X,206,320,X,29,837,101612,0.823721608
2000,14,186,X,171,286,X,23,666,91806,0.725442782
2000,15,178,X,127,196,X,21,522,90035,0.579774532
2000,16,107,X,96,120,X,24,347,76910,0.4511767
2000,17,112,X,80,141,X,14,347,79100,0.438685209
2000,18,93,X,77,147,X,7,324,73550,0.440516655
2000,19,67,X,77,85,X,10,239,67962,0.351667108
2000,20,79,X,64,65,X,11,219,59761,0.366459731
2000,21,X,X,X,X,X,X,X,X,#VALUE!
2000,22,X,X,X,X,X,X,X,X,#VALUE!
2000,23,X,X,X,X,X,X,X,X,#VALUE!
2000,24,X,X,X,X,X,X,X,X,#VALUE!
2000,25,X,X,X,X,X,X,X,X,#VALUE!
2000,26,X,X,X,X,X,X,X,X,#VALUE!
2000,27,X,X,X,X,X,X,X,X,#VALUE!
2000,28,X,X,X,X,X,X,X,X,#VALUE!
2000,29,X,X,X,X,X,X,X,X,#VALUE!
2000,30,X,X,X,X,X,X,X,X,#VALUE!
2000,31,X,X,X,X,X,X,X,X,#VALUE!
2000,32,X,X,X,X,X,X,X,X,#VALUE!
2000,33,X,X,X,X,X,X,X,X,#VALUE!
2000,34,X,X,X,X,X,X,X,X,#VALUE!
2000,35,X,X,X,X,X,X,X,X,#VALUE!
2000,36,X,X,X,X,X,X,X,X,#VALUE!
2000,37,X,X,X,X,X,X,X,X,#VALUE!
2000,38,X,X,X,X,X,X,X,X,#VALUE!
2000,39,X,X,X,X,X,X,X,X,#VALUE!
2000,40,206,X,322,443,X,70,1041,84727,1.228652024
2000,41,270,X,389,489,X,86,1234,116917,1.055449592
2000,42,390,X,458,617,X,96,1561,134587,1.159844562
2000,43,411,X,564,683,X,123,1781,145165,1.226879758
2000,44,465,X,564,703,X,138,1870,150676,1.241073562
2000,45,564,X,635,849,X,181,2229,155700,1.431599229
2000,46,572,X,736,979,X,162,2449,163893,1.494267601
2000,47,704,X,646,913,X,154,2417,131168,1.842675043
2000,48,673,X,900,1085,X,196,2854,178641,1.597617568
2000,49,710,X,916,1232,X,239,3097,178529,1.734732172
2000,50,677,X,1077,1455,X,185,3394,165935,2.045379215
2000,51,767,X,1052,1337,X,205,3361,139431,2.410511292
2000,52,1059,X,1496,1335,X,262,4152,122719,3.383339173
2001,1,1049,X,1855,1571,X,321,4796,148538,3.228803404
2001,2,1081,X,1722,2423,X,318,5544,177720,3.119513842
2001,3,1395,X,1806,3223,X,293,6717,176566,3.804243173
2001,4,1542,X,1991,4057,X,318,7908,188879,4.186807427
2001,5,1329,X,1958,3705,X,295,7287,182792,3.986498315
2001,6,1370,X,1731,3017,X,358,6476,179586,3.606071743
2001,7,1059,X,1393,2126,X,254,4832,171948,2.810151906
2001,8,834,X,1278,1566,X,245,3923,162402,2.415610645
2001,9,683,X,752,1008,X,163,2606,150399,1.732724287
2001,10,622,X,854,934,X,152,2562,155916,1.643192488
2001,11,524,X,522,762,X,135,1943,143075,1.358029006
2001,12,485,X,507,751,X,136,1879,135154,1.390265919
2001,13,465,X,419,575,X,131,1590,129934,1.223698185
2001,14,288,X,421,421,X,126,1256,112235,1.119080501
2001,15,219,X,305,344,X,82,950,101175,0.938967136
2001,16,234,X,344,331,X,88,997,105580,0.944307634
2001,17,198,X,253,274,X,46,771,103824,0.742602866
2001,18,173,X,225,265,X,71,734,99802,0.735456203
2001,19,165,X,196,250,X,60,671,92532,0.725154541
2001,20,94,X,159,179,X,38,470,70113,0.670346441
2001,21,X,X,X,X,X,X,X,X,#VALUE!
2001,22,X,X,X,X,X,X,X,X,#VALUE!
2001,23,X,X,X,X,X,X,X,X,#VALUE!
2001,24,X,X,X,X,X,X,X,X,#VALUE!
2001,25,X,X,X,X,X,X,X,X,#VALUE!
2001,26,X,X,X,X,X,X,X,X,#VALUE!
2001,27,X,X,X,X,X,X,X,X,#VALUE!
2001,28,X,X,X,X,X,X,X,X,#VALUE!
2001,29,X,X,X,X,X,X,X,X,#VALUE!
2001,30,X,X,X,X,X,X,X,X,#VALUE!
2001,31,X,X,X,X,X,X,X,X,#VALUE!
2001,32,X,X,X,X,X,X,X,X,#VALUE!
2001,33,X,X,X,X,X,X,X,X,#VALUE!
2001,34,X,X,X,X,X,X,X,X,#VALUE!
2001,35,X,X,X,X,X,X,X,X,#VALUE!
2001,36,X,X,X,X,X,X,X,X,#VALUE!
2001,37,X,X,X,X,X,X,X,X,#VALUE!
2001,38,X,X,X,X,X,X,X,X,#VALUE!
2001,39,X,X,X,X,X,X,X,X,#VALUE!
2001,40,429,X,372,485,X,82,1368,137156,0.997404415
2001,41,479,X,526,628,X,114,1747,159264,1.096920836
2001,42,562,X,560,697,X,113,1932,165425,1.167900861
2001,43,567,X,643,876,X,118,2204,174566,1.26255972
2001,44,655,X,665,883,X,168,2371,182365,1.300139829
2001,45,626,X,687,865,X,149,2327,190992,1.218375639
2001,46,693,X,811,862,X,142,2508,187174,1.339929691
2001,47,602,X,698,643,X,147,2090,141523,1.476791758
2001,48,638,X,877,866,X,185,2566,181932,1.410417079
2001,49,602,X,676,848,X,149,2275,180095,1.263222188
2001,50,666,X,570,780,X,153,2169,170971,1.268636201
2001,51,707,X,684,725,X,162,2278,148450,1.534523409
2001,52,719,X,718,656,X,172,2265,106451,2.127739523
2002,1,785,X,808,752,X,223,2568,132274,1.941424619
2002,2,837,X,869,969,X,200,2875,171747,1.673973927
2002,3,1067,X,948,1533,X,195,3743,180969,2.068310042
2002,4,1460,X,1156,2004,X,177,4797,166968,2.873005606
2002,5,1556,X,1415,2351,X,235,5557,188431,2.949090118
2002,6,1542,X,1478,2330,X,274,5624,192039,2.928571801
2002,7,1557,X,1573,2436,X,358,5924,187242,3.163820083
2002,8,1509,X,1544,2359,X,348,5760,184544,3.121206867
2002,9,1208,X,1529,1997,X,370,5104,186608,2.735145331
2002,10,848,X,1007,1558,X,218,3631,168647,2.153017842
2002,11,731,X,832,1252,X,162,2977,154942,1.921364123
2002,12,567,X,607,1092,X,151,2417,148527,1.627313552
2002,13,547,X,488,913,X,131,2079,142223,1.461788881
2002,14,397,X,449,692,X,117,1655,138645,1.19369613
2002,15,327,X,292,467,X,83,1169,130554,0.895414924
2002,16,247,X,262,442,X,67,1018,124465,0.817900615
2002,17,235,X,155,389,X,51,830,117581,0.705896361
2002,18,209,X,147,269,X,47,672,109945,0.611214698
2002,19,169,X,156,302,X,46,673,106720,0.630622189
2002,20,159,X,142,236,X,39,576,100422,0.573579495
2002,21,X,X,X,X,X,X,X,X,#VALUE!
2002,22,X,X,X,X,X,X,X,X,#VALUE!
2002,23,X,X,X,X,X,X,X,X,#VALUE!
2002,24,X,X,X,X,X,X,X,X,#VALUE!
2002,25,X,X,X,X,X,X,X,X,#VALUE!
2002,26,X,X,X,X,X,X,X,X,#VALUE!
2002,27,X,X,X,X,X,X,X,X,#VALUE!
2002,28,X,X,X,X,X,X,X,X,#VALUE!
2002,29,X,X,X,X,X,X,X,X,#VALUE!
2002,30,X,X,X,X,X,X,X,X,#VALUE!
2002,31,X,X,X,X,X,X,X,X,#VALUE!
2002,32,X,X,X,X,X,X,X,X,#VALUE!
2002,33,X,X,X,X,X,X,X,X,#VALUE!
2002,34,X,X,X,X,X,X,X,X,#VALUE!
2002,35,X,X,X,X,X,X,X,X,#VALUE!
2002,36,X,X,X,X,X,X,X,X,#VALUE!
2002,37,X,X,X,X,X,X,X,X,#VALUE!
2002,38,X,X,X,X,X,X,X,X,#VALUE!
2002,39,X,X,X,X,X,X,X,X,#VALUE!
2002,40,582,X,524,805,X,149,2060,176569,1.166682713
2002,41,683,X,585,872,X,127,2267,186355,1.216495399
2002,42,642,X,543,878,X,113,2176,192469,1.130571676
2002,43,728,X,672,1045,X,154,2599,207512,1.252457689
2002,44,823,X,741,1189,X,154,2907,223208,1.302372675
2002,45,887,X,886,1272,X,180,3225,229454,1.405510473
2002,46,851,X,898,1173,X,175,3097,223712,1.384369189
2002,47,802,X,817,1166,X,182,2967,223818,1.325630646
2002,48,834,X,711,978,X,186,2709,188814,1.434745305
2002,49,857,X,869,1117,X,206,3049,243078,1.254329886
2002,50,804,X,792,1179,X,182,2957,235136,1.257570087
2002,51,951,X,849,1404,X,212,3416,216179,1.580171987
2002,52,915,X,828,937,X,177,2857,144287,1.980081366
2003,1,1028,X,962,1019,X,251,3260,171193,1.90428347
2003,2,1068,X,1091,1296,X,274,3729,234513,1.590103747
2003,3,1154,X,1011,1798,X,241,4204,231550,1.815590585
2003,4,1373,X,1104,2998,X,221,5696,235566,2.418005994
2003,5,1411,X,1322,4064,X,282,7079,246969,2.866351647
2003,6,1606,X,1421,4447,X,308,7782,245751,3.166619871
2003,7,1568,X,1566,4224,X,291,7649,253656,3.015501309
2003,8,1694,X,1537,3689,X,308,7228,241110,2.997801833
2003,9,1336,X,1400,2583,X,287,5606,241683,2.319567367
2003,10,1015,X,1085,2103,X,247,4450,228549,1.947066056
2003,11,880,X,987,1669,X,274,3810,220250,1.72985244
2003,12,737,X,773,1321,X,156,2987,196724,1.518370916
2003,13,624,X,640,1016,X,159,2439,198913,1.226164202
2003,14,506,X,541,846,X,135,2028,192349,1.054333529
2003,15,569,X,551,799,X,163,2082,194383,1.071081319
2003,16,440,X,382,539,X,106,1467,177577,0.8261205
2003,17,429,X,394,508,X,114,1445,176111,0.82050525
2003,18,275,X,272,444,X,84,1075,170406,0.630846332
2003,19,215,X,245,471,X,74,1005,157191,0.639349581
2003,20,248,X,235,283,X,70,836,142514,0.586609035
2003,21,264,X,169,262,X,45,740,95728,0.773023567
2003,22,213,X,179,205,X,44,641,81063,0.790743002
2003,23,201,X,133,195,X,34,563,79090,0.711847263
2003,24,198,X,180,187,X,55,620,78023,0.794637479
2003,25,139,X,127,123,X,34,423,72110,0.5866038
2003,26,122,X,163,124,X,32,441,71593,0.615982009
2003,27,109,X,94,91,X,24,318,64699,0.491506824
2003,28,137,X,120,141,X,43,441,72972,0.604341391
2003,29,98,X,116,98,X,53,365,69593,0.524478037
2003,30,112,X,121,139,X,48,420,71103,0.590692376
2003,31,100,X,102,120,X,39,361,71466,0.505135309
2003,32,136,X,136,125,X,46,443,69844,0.63427066
2003,33,120,X,133,131,X,37,421,69003,0.610118401
2003,34,159,X,120,144,X,27,450,70178,0.641226595
2003,35,166,X,112,155,X,30,463,70000,0.661428571
2003,36,177,X,124,182,X,36,519,65474,0.792681064
2003,37,145,X,122,184,X,24,475,74328,0.639059305
2003,38,136,X,116,183,X,26,461,72401,0.636731537
2003,39,135,X,143,221,X,34,533,71273,0.747828771
2003,40,808,X,607,881,X,146,2442,254144,0.960872576
2003,41,913,X,696,1132,X,191,2932,281045,1.043249302
2003,42,878,X,811,1147,X,195,3031,287436,1.054495609
2003,43,1006,X,884,1369,X,216,3475,312412,1.112313227
2003,44,1207,X,1127,2080,X,276,4690,331980,1.412735707
2003,45,1542,X,1249,2735,X,264,5790,335258,1.72702814
2003,46,2185,X,1757,4133,X,310,8385,348359,2.406999676
2003,47,2561,X,2425,5684,X,471,11141,358275,3.109622497
2003,48,3247,X,2890,4933,X,672,11742,272576,4.307789387
2003,49,4734,X,5330,7817,X,1067,18948,392274,4.83029719
2003,50,6620,X,5573,11550,X,1219,24962,388269,6.429047902
2003,51,6434,X,5906,9851,X,1508,23699,345097,6.867344544
2003,52,5336,X,4517,5231,X,1331,16415,232344,7.064955411
2003,53,3391,X,3827,2894,X,1220,11332,248992,4.551150238
2004,1,1930,X,2605,2299,X,768,7602,314349,2.418331218
2004,2,1679,X,1586,1857,X,461,5583,308614,1.809055973
2004,3,1721,X,1276,1604,X,360,4961,289774,1.712023853
2004,4,1487,X,1067,1543,X,339,4436,287586,1.542495115
2004,5,1454,X,1047,1448,X,302,4251,295646,1.437868261
2004,6,1420,X,889,1297,X,218,3824,288762,1.32427397
2004,7,1301,X,876,1255,X,259,3691,282347,1.307256674
2004,8,956,X,719,1038,X,203,2916,281202,1.036976977
2004,9,925,X,682,910,X,227,2744,271597,1.010320438
2004,10,878,X,764,888,X,178,2708,257294,1.052492479
2004,11,730,X,756,826,X,175,2487,243802,1.020090073
2004,12,760,X,628,733,X,179,2300,248805,0.924418721
2004,13,610,X,495,611,X,142,1858,234998,0.790645027
2004,14,583,X,440,566,X,116,1705,212432,0.802609776
2004,15,545,X,500,573,X,131,1749,209178,0.836129995
2004,16,501,X,461,511,X,142,1615,203802,0.792435796
2004,17,470,X,349,404,X,108,1331,194708,0.683587731
2004,18,435,X,383,491,X,85,1394,184038,0.757452265
2004,19,449,X,361,443,X,74,1327,168276,0.788585419
2004,20,451,X,337,380,X,94,1262,155386,0.812170981
2004,21,375,X,280,349,X,66,1070,133008,0.804462889
2004,22,391,X,289,308,X,73,1061,120884,0.877700936
2004,23,355,X,257,309,X,66,987,133117,0.741453008
2004,24,307,X,258,240,X,46,851,128740,0.661022215
2004,25,277,X,245,284,X,81,887,124037,0.715109201
2004,26,238,X,215,183,X,62,698,124146,0.562241232
2004,27,233,X,210,205,X,62,710,90238,0.786808218
2004,28,249,X,227,280,X,80,836,97135,0.860657847
2004,29,259,X,162,200,X,38,659,95515,0.689943988
2004,30,260,X,189,230,X,40,719,92216,0.77969116
2004,31,213,X,225,235,X,60,733,116693,0.628143933
2004,32,243,X,247,256,X,63,809,89644,0.902458614
2004,33,256,X,200,256,X,58,770,95481,0.806443167
2004,34,259,X,231,265,X,44,799,91326,0.874887765
2004,35,279,X,252,358,X,71,960,96656,0.993213044
2004,36,281,X,263,309,X,60,913,104207,0.876140758
2004,37,342,X,299,413,X,68,1122,118343,0.948091564
2004,38,322,X,268,416,X,83,1089,117483,0.926942621
2004,39,333,X,319,382,X,82,1116,114857,0.971643
2004,40,877,X,853,1256,X,185,3171,353449,0.897159138
2004,41,1071,X,971,1373,X,216,3631,355116,1.022482794
2004,42,1240,X,1019,1534,X,226,4019,378094,1.062963178
2004,43,1190,X,1223,1671,X,285,4369,380921,1.146956981
2004,44,1327,X,1215,1718,X,291,4551,377692,1.204950065
2004,45,1497,X,1279,1874,X,319,4969,380718,1.305165503
2004,46,1531,X,1279,1874,X,299,4983,387182,1.286991647
2004,47,1490,X,1274,1678,X,271,4713,295546,1.594675617
2004,48,1538,X,1434,2059,X,376,5407,387004,1.397143182
2004,49,1551,X,1450,2052,X,375,5428,374356,1.449956726
2004,50,1670,X,1643,2071,X,371,5755,355806,1.617454456
2004,51,1856,X,1608,1807,X,418,5689,259639,2.191119208
2004,52,2252,X,2413,1993,X,621,7279,283617,2.566489315
2005,1,2010,X,2869,2450,X,712,8041,369455,2.176449094
2005,2,2188,X,2542,2982,X,611,8323,378024,2.201712061
2005,3,2199,X,2839,3682,X,608,9328,368678,2.530121136
2005,4,2747,X,3586,5364,X,725,12422,405254,3.065238098
2005,5,3086,X,4498,7650,X,958,16192,406772,3.980608301
2005,6,3626,X,5757,8854,X,1132,19369,421461,4.595680265
2005,7,3834,X,6515,8400,X,1182,19931,419426,4.75197055
2005,8,3720,X,5125,6759,X,1026,16630,397883,4.179620642
2005,9,2997,X,4058,5343,X,836,13234,383196,3.45358511
2005,10,2728,X,3634,4494,X,745,11601,367292,3.158522375
2005,11,2416,X,2969,3513,X,604,9502,355454,2.673201033
2005,12,2145,X,2434,2771,X,550,7900,335940,2.351610407
2005,13,1827,X,1979,2133,X,390,6329,334438,1.892428492
2005,14,1422,X,1327,1737,X,330,4816,315823,1.524904773
2005,15,1356,X,1169,1603,X,317,4445,314948,1.411344095
2005,16,1096,X,954,1469,X,306,3825,305833,1.250682562
2005,17,1117,X,894,1411,X,224,3646,302065,1.207024978
2005,18,903,X,762,1136,X,189,2990,277120,1.078954965
2005,19,979,X,710,1115,X,208,3012,263009,1.145207959
2005,20,805,X,600,926,X,200,2531,238494,1.061242631
2005,21,687,X,518,695,X,156,2056,194550,1.056797738
2005,22,693,X,568,678,X,160,2099,167661,1.25193098
2005,23,548,X,462,594,X,140,1744,171960,1.014189346
2005,24,573,X,409,507,X,125,1614,154899,1.041969283
2005,25,580,X,431,507,X,110,1628,170645,0.954027367
2005,26,497,X,326,452,X,84,1359,160216,0.84822989
2005,27,426,X,313,390,X,69,1198,142302,0.841871513
2005,28,389,X,323,361,X,75,1148,157068,0.730893626
2005,29,333,X,303,364,X,68,1068,149699,0.713431619
2005,30,328,X,279,327,X,56,990,147612,0.670677181
2005,31,331,X,267,326,X,58,982,142468,0.689277592
2005,32,319,X,297,350,X,57,1023,145121,0.70492899
2005,33,330,X,225,326,X,47,928,150673,0.615903314
2005,34,292,X,265,311,X,54,922,151290,0.609425606
2005,35,342,X,273,367,X,51,1033,151854,0.68025867
2005,36,338,X,264,396,X,63,1061,136817,0.775488426
2005,37,302,X,289,383,X,52,1026,150127,0.68342137
2005,38,368,X,285,516,X,50,1219,156067,0.781074795
2005,39,381,X,276,484,X,63,1204,149205,0.806943467
2005,40,1172,X,924,1256,X,234,3586,333164,1.076346784
2005,41,1285,X,853,1247,X,197,3582,338343,1.058688964
2005,42,1393,X,992,1525,X,212,4122,369609,1.115232584
2005,43,1439,X,997,1599,X,213,4248,377999,1.123812497
2005,44,1639,X,1190,1894,X,282,5005,398840,1.254889179
2005,45,1563,X,1251,1929,X,295,5038,376924,1.336608972
2005,46,1679,X,1331,1951,X,315,5276,382697,1.378636362
2005,47,1666,X,1249,1593,X,294,4802,298578,1.608289961
2005,48,1858,X,1583,2176,X,349,5966,402264,1.483105622
2005,49,1987,X,1534,2463,X,387,6371,385248,1.653739929
2005,50,2241,X,1997,3063,X,396,7697,383548,2.006789242
2005,51,2696,X,2293,3058,X,530,8577,333921,2.568571608
2005,52,2678,X,2882,2561,X,721,8842,289638,3.052776224
2006,1,2422,X,2817,2366,X,734,8339,343871,2.425037296
2006,2,2272,X,2155,2921,X,534,7882,393716,2.001950645
2006,3,2249,X,1999,3150,X,460,7858,381699,2.058690224
2006,4,2643,X,2281,3646,X,544,9114,411882,2.212769677
2006,5,2612,X,2288,4153,X,498,9551,411291,2.322200097
2006,6,2754,X,2543,4593,X,537,10427,418286,2.492792013
2006,7,2624,X,2992,4979,X,631,11226,401661,2.794894202
2006,8,2753,X,3073,5284,X,791,11901,400827,2.969111362
2006,9,2579,X,2989,5008,X,767,11343,399459,2.839590546
2006,10,2564,X,2913,5106,X,678,11261,405365,2.777990206
2006,11,2330,X,2231,4154,X,607,9322,376971,2.472869266
2006,12,1895,X,1919,3709,X,541,8064,369804,2.180614596
2006,13,1697,X,1745,3393,X,478,7313,362605,2.016795135
2006,14,1437,X,1299,2660,X,342,5738,349662,1.641013321
2006,15,1181,X,1067,2014,X,285,4547,334760,1.358286534
2006,16,959,X,873,1479,X,239,3550,310641,1.142798278
2006,17,836,X,779,1382,X,180,3177,305389,1.040312519
2006,18,745,X,637,1208,X,190,2780,288278,0.964346915
2006,19,745,X,621,1039,X,187,2592,276338,0.937981747
2006,20,715,X,582,969,X,162,2428,256267,0.94744934
2006,21,699,X,452,764,X,146,2061,231075,0.891918208
2006,22,572,X,404,561,X,108,1645,190252,0.864642684
2006,23,754,X,564,626,X,131,2075,213847,0.970319902
2006,24,514,X,388,447,X,81,1430,169353,0.84439012
2006,25,463,X,328,409,X,100,1300,167770,0.774870358
2006,26,466,X,323,390,X,92,1271,154741,0.821372487
2006,27,437,X,305,402,X,71,1215,139216,0.872744512
2006,28,549,X,449,511,X,108,1617,175259,0.922634501
2006,29,541,X,460,440,X,112,1553,172654,0.899486835
2006,30,502,X,422,403,X,128,1455,172581,0.843082379
2006,31,508,X,402,430,X,88,1428,161937,0.881824413
2006,32,473,X,383,435,X,82,1373,168024,0.81714517
2006,33,510,X,390,466,X,91,1457,167183,0.871500093
2006,34,404,X,279,379,X,76,1138,154071,0.738620506
2006,35,398,X,292,457,X,77,1224,153390,0.797965969
2006,36,492,X,396,506,X,69,1463,144289,1.013937306
2006,37,446,X,361,521,X,78,1406,159603,0.880935822
2006,38,511,X,362,534,X,80,1487,157627,0.943366301
2006,39,476,X,364,512,X,81,1433,160732,0.891546176
2006,40,1434,X,1116,1699,X,264,4513,375076,1.203222814
2006,41,1278,X,992,1602,X,200,4072,384920,1.057882157
2006,42,1543,X,1099,1830,X,265,4737,419005,1.130535435
2006,43,1582,X,1086,1996,X,224,4888,434287,1.125522984
2006,44,1672,X,1157,2270,X,281,5380,445334,1.208082024
2006,45,2112,X,1320,2393,X,314,6139,454901,1.349524402
2006,46,2355,X,1342,2681,X,290,6668,453945,1.468900417
2006,47,2188,X,1409,2202,X,357,6156,336822,1.827671589
2006,48,2573,X,1774,2792,X,391,7530,452089,1.665601242
2006,49,2643,X,1804,3244,X,431,8122,436741,1.859683428
2006,50,3270,X,2177,4470,X,479,10396,435177,2.388913017
2006,51,3387,X,2237,4065,X,503,10192,365334,2.789775931
2006,52,3243,X,2216,2868,X,586,8913,286087,3.115485849
2007,1,2927,X,2394,2481,X,584,8386,369521,2.269424471
2007,2,2507,X,2018,2756,X,480,7761,416464,1.863546429
2007,3,2548,X,1701,3248,X,412,7909,395477,1.999863456
2007,4,3410,X,2257,4684,X,537,10888,446119,2.440604413
2007,5,3456,X,2559,5648,X,457,12120,428241,2.83018207
2007,6,3840,X,2910,6995,X,452,14197,454533,3.123425582
2007,7,3879,X,2955,6668,X,529,14031,429057,3.270194869
2007,8,3728,X,3175,6537,X,608,14048,442099,3.177568825
2007,9,3016,X,2778,5429,X,578,11801,433281,2.723636624
2007,10,2798,X,2533,4937,X,447,10715,428255,2.502013987
2007,11,2668,X,2426,4031,X,472,9597,395394,2.427199199
2007,12,2049,X,1857,3307,X,349,7562,385735,1.960413237
2007,13,1664,X,1625,2508,X,351,6148,386327,1.591397961
2007,14,1445,X,1379,1803,X,331,4958,361955,1.369783537
2007,15,1429,X,1274,1821,X,345,4869,357183,1.36316678
2007,16,1257,X,1112,1523,X,287,4179,356055,1.173695075
2007,17,1152,X,937,1386,X,220,3695,347413,1.063575629
2007,18,969,X,755,1143,X,210,3077,317311,0.969711104
2007,19,917,X,713,1055,X,175,2860,296262,0.965361741
2007,20,815,X,590,861,X,176,2442,285031,0.856748915
2007,21,761,X,561,785,X,136,2243,259803,0.863346459
2007,22,722,X,554,652,X,130,2058,220020,0.935369512
2007,23,628,X,422,510,X,119,1679,225197,0.745569435
2007,24,598,X,413,469,X,134,1614,217982,0.740428109
2007,25,521,X,394,441,X,100,1456,216378,0.672896505
2007,26,514,X,431,408,X,102,1455,218376,0.666282009
2007,27,394,X,313,360,X,102,1169,176387,0.662747255
2007,28,366,X,296,372,X,52,1086,199040,0.545618971
2007,29,446,X,335,345,X,85,1211,206574,0.5862306
2007,30,477,X,391,392,X,96,1356,205241,0.660686705
2007,31,321,X,344,311,X,61,1037,194161,0.53409284
2007,32,389,X,320,385,X,78,1172,200154,0.585549127
2007,33,439,X,338,411,X,95,1283,207580,0.618074959
2007,34,495,X,408,457,X,88,1448,210629,0.687464689
2007,35,502,X,416,500,X,108,1526,213219,0.715696068
2007,36,519,X,417,545,X,73,1554,187384,0.829313068
2007,37,496,X,417,682,X,99,1694,211509,0.800911545
2007,38,609,X,502,681,X,121,1913,208278,0.918483949
2007,39,729,X,583,788,X,128,2228,273623,0.814259035
2007,40,2187,X,1167,1997,X,290,5641,526227,1.071970841
2007,41,2387,X,1321,2433,X,303,6444,529126,1.217857372
2007,42,2583,X,1455,2551,X,352,6941,557172,1.24575535
2007,43,2871,X,1400,2788,X,375,7434,546680,1.359844882
2007,44,3074,X,1475,2998,X,368,7915,547104,1.446708487
2007,45,3398,X,1609,3303,X,377,8687,566717,1.532863846
2007,46,3563,X,1780,3290,X,471,9104,546284,1.666532426
2007,47,3651,X,1812,2631,X,476,8570,433951,1.974877348
2007,48,3679,X,1921,3158,X,413,9171,548159,1.673054716
2007,49,3365,X,1772,2907,X,392,8436,516263,1.634050862
2007,50,3298,X,1697,2694,X,402,8091,463416,1.745947486
2007,51,3580,X,1987,2724,X,459,8750,451862,1.936431919
2007,52,3848,X,2184,2348,X,522,8902,357646,2.489053422
2008,1,3737,X,2731,2568,X,670,9706,430603,2.254048393
2008,2,3393,X,3262,3644,X,816,11115,531444,2.091471538
2008,3,3664,X,3038,4900,X,595,12197,516966,2.359342781
2008,4,4289,X,4499,7661,X,722,17171,516683,3.323314295
2008,5,5222,X,6595,11974,X,1021,24812,559609,4.433810035
2008,6,6059,X,9212,15323,X,1302,31896,596692,5.345471365
2008,7,6244,X,9487,14336,X,1558,31625,583210,5.422575059
2008,8,5922,X,9812,12783,X,1728,30245,570334,5.30303296
2008,9,4978,X,8583,9958,X,1508,25027,589626,4.244555023
2008,10,4420,X,6781,7849,X,1204,20254,558269,3.628000122
2008,11,3878,X,5676,6112,X,1048,16714,550776,3.034627507
2008,12,3153,X,4520,4493,X,874,13040,514205,2.535953559
2008,13,2689,X,3496,3395,X,796,10376,504350,2.057301477
2008,14,2372,X,2872,2697,X,642,8583,492850,1.7415035
2008,15,2045,X,2160,2354,X,486,7045,500881,1.406521709
2008,16,1857,X,1802,2013,X,407,6079,479187,1.268607037
2008,17,1572,X,1345,1713,X,323,4953,459808,1.07718874
2008,18,1466,X,1107,1416,X,235,4224,425187,0.993445237
2008,19,1356,X,1066,1381,X,208,4011,440183,0.911211928
2008,20,1439,X,980,1274,X,211,3904,401601,0.972109133
2008,21,1393,X,926,1116,X,211,3646,367075,0.993257509
2008,22,1473,X,1004,1083,X,243,3803,348477,1.091320231
2008,23,1159,X,729,906,X,139,2933,330127,0.888445962
2008,24,1113,X,720,886,X,187,2906,327366,0.887691452
2008,25,1115,X,712,855,X,160,2842,321789,0.88318743
2008,26,937,X,654,810,X,133,2534,306499,0.826756368
2008,27,913,X,575,762,X,155,2405,307073,0.783201389
2008,28,881,X,669,749,X,132,2431,311423,0.780610295
2008,29,826,X,619,703,X,171,2319,301532,0.769072603
2008,30,779,X,552,704,X,131,2166,300292,0.721297937
2008,31,788,X,599,763,X,139,2289,304175,0.752527328
2008,32,679,X,619,706,X,216,2220,294930,0.752720985
2008,33,789,X,650,745,X,184,2368,298701,0.79276601
2008,34,730,X,619,754,X,134,2237,300714,0.743896194
2008,35,794,X,616,892,X,127,2429,298342,0.814166292
2008,36,774,X,663,880,X,144,2461,293535,0.838400872
2008,37,859,X,758,994,X,177,2788,327567,0.851123587
2008,38,1062,X,958,1527,X,188,3735,336560,1.109757547
2008,39,983,X,932,1306,X,179,3400,329731,1.031143569
2008,40,1535,X,1476,2352,X,324,5687,555999,1.022843566
2008,41,1861,X,1485,2291,X,322,5959,578446,1.030173949
2008,42,1869,X,1467,2219,X,341,5896,582351,1.012447819
2008,43,1976,X,1668,2474,X,367,6485,598473,1.083591073
2008,44,2119,X,1869,2547,X,452,6987,599343,1.165776525
2008,45,2276,X,1981,2668,X,372,7297,612526,1.191296369
2008,46,2512,X,1889,2854,X,412,7667,598635,1.280747033
2008,47,2600,X,1893,2828,X,412,7733,608646,1.270525067
2008,48,3024,X,1741,2412,X,457,7634,478386,1.595782485
2008,49,3114,X,2212,2913,X,469,8708,597052,1.458499427
2008,50,3252,X,1974,3024,X,439,8689,579573,1.499207175
2008,51,3137,X,1640,2579,X,456,7812,479318,1.629815696
2008,52,3897,X,1947,2367,X,495,8706,403876,2.155612119
2008,53,3814,X,2163,2042,X,584,8603,425780,2.020527033
2009,1,3245,X,2606,2548,X,557,8956,579428,1.545662274
2009,2,3142,X,2329,3345,X,473,9289,565631,1.642236723
2009,3,3602,X,2821,4597,X,436,11456,582932,1.965237798
2009,4,4039,X,3215,6602,X,468,14324,611176,2.343678417
2009,5,4606,X,4240,8882,X,540,18268,638613,2.860574401
2009,6,5064,X,4636,11215,X,752,21667,648304,3.342104938
2009,7,4848,X,4685,9851,X,638,20022,624583,3.205658816
2009,8,4694,X,5007,10092,X,657,20450,659573,3.100490772
2009,9,4420,X,4272,9116,X,633,18441,623389,2.958185018
2009,10,4046,X,3601,7446,X,618,15711,637672,2.463805844
2009,11,3657,X,3002,6036,X,582,13277,605503,2.192722414
2009,12,3237,X,2661,5052,X,450,11400,608342,1.873945905
2009,13,2829,X,2158,4283,X,399,9669,586651,1.648169014
2009,14,2577,X,2085,3407,X,391,8460,564460,1.498777593
2009,15,2371,X,1727,2761,X,363,7222,558837,1.292326743
2009,16,2353,X,1743,2855,X,397,7348,577836,1.271641088
2009,17,4821,X,5093,8043,X,670,18627,624734,2.981588964
2009,18,3920,X,3875,6221,X,562,14578,598189,2.437022413
2009,19,3236,X,3018,5888,X,412,12554,550300,2.281301108
2009,20,4188,X,4136,12026,X,424,20774,544432,3.81571987
2009,21,4496,X,4950,12461,X,487,22394,531526,4.21315232
2009,22,3865,X,4213,8615,X,412,17105,538177,3.178322373
2009,23,3072,X,3276,5660,X,384,12392,493761,2.509716239
2009,24,2623,X,3084,4740,X,333,10780,521701,2.06631768
2009,25,2299,X,2476,3700,X,326,8801,512268,1.718046023
2009,26,2145,X,2023,2893,X,361,7422,475877,1.559646715
2009,27,1701,X,1815,2481,X,293,6290,480680,1.308562869
2009,28,1581,X,1708,2437,X,238,5964,502466,1.186945982
2009,29,1608,X,1611,2285,X,231,5735,503971,1.137962303
2009,30,1519,X,1575,2199,X,294,5587,485804,1.150052284
2009,31,1651,X,1530,2082,X,263,5526,496666,1.112618943
2009,32,1645,X,1646,2321,X,265,5877,506019,1.16141884
2009,33,2167,X,2168,4210,X,396,8941,544827,1.641071386
2009,34,2883,X,2977,8253,X,443,14556,588916,2.471659795
2009,35,3713,X,3982,13114,X,541,21350,573972,3.719693644
2009,36,4087,X,4547,13407,X,520,22561,571201,3.949747987
2009,37,4445,X,5668,15326,X,652,26091,638302,4.087563567
2009,38,4462,X,5252,14152,X,588,24454,608464,4.018972363
2009,39,4974,X,6090,16291,X,564,27919,606458,4.603616409
2009,40,9302,8554,X,27406,2255,903,48420,855346,5.660867064
2009,41,11527,10271,X,32585,2800,1013,58196,853912,6.815222177
2009,42,13187,12399,X,39364,3048,1070,69068,906536,7.618892134
2009,43,13174,12166,X,36860,3083,1128,66411,898860,7.388358588
2009,44,12161,10250,X,30860,2672,1074,57017,899425,6.339272313
2009,45,10151,8174,X,21112,2314,978,42729,864348,4.943494981
2009,46,8979,6163,X,14652,1843,883,32520,853552,3.809961197
2009,47,7716,4378,X,8237,1406,771,22508,654101,3.441058797
2009,48,7195,4259,X,7988,1470,818,21730,814550,2.667730649
2009,49,6490,3588,X,7218,1314,715,19325,781811,2.471825032
2009,50,6275,3249,X,5785,1113,659,17081,728401,2.344999526
2009,51,6078,2677,X,4127,1049,644,14575,536961,2.714349832
2009,52,6598,3202,X,3726,1284,803,15613,583299,2.676671827
2010,1,4998,3333,X,3961,1244,763,14299,721138,1.982838236
2010,2,4877,2793,X,4614,1182,622,14088,770895,1.827486234
2010,3,5399,2693,X,5079,1008,578,14757,766177,1.926056251
2010,4,5333,2560,X,5655,1046,528,15122,785580,1.924947173
2010,5,5816,2581,X,6142,948,550,16037,767773,2.088768425
2010,6,5496,2644,X,5577,1006,658,15381,756068,2.034340826
2010,7,5388,2649,X,5536,994,498,15065,762208,1.976494605
2010,8,5040,2943,X,6207,1218,679,16087,806925,1.993617746
2010,9,4281,2763,X,5685,1085,672,14486,781411,1.853825964
2010,10,4612,2660,X,5270,1112,700,14354,768702,1.867303584
2010,11,4063,2468,X,4466,976,628,12601,741293,1.699867664
2010,12,3625,2097,X,4108,827,534,11191,747358,1.497408203
2010,13,3408,1954,X,3733,736,528,10359,713863,1.451118772
2010,14,3090,1718,X,2933,644,428,8813,730068,1.207147827
2010,15,3117,1572,X,3110,598,404,8801,749563,1.174150805
2010,16,2921,1461,X,3044,522,414,8362,719580,1.162066761
2010,17,3081,1435,X,2972,557,395,8440,720054,1.172134312
2010,18,2781,1385,X,2901,482,365,7914,705551,1.121676534
2010,19,2851,1363,X,2645,491,347,7697,669414,1.149811626
2010,20,2816,1364,X,2553,498,372,7603,670887,1.133275798
2010,21,2636,1235,X,2188,445,349,6853,633532,1.081713315
2010,22,2413,1212,X,2172,463,335,6595,549773,1.199586011
2010,23,2147,1081,X,1831,374,322,5755,604004,0.95280826
2010,24,1975,978,X,1784,339,240,5316,580329,0.916032113
2010,25,2027,882,X,1779,397,249,5334,575664,0.926582173
2010,26,1754,862,X,1541,323,238,4718,542536,0.869619712
2010,27,1753,816,X,1566,334,222,4691,519414,0.903133146
2010,28,1458,819,X,1450,298,209,4234,547187,0.773775693
2010,29,1323,759,X,1335,335,198,3950,531790,0.742774403
2010,30,1290,805,X,1279,302,174,3850,526723,0.730934476
2010,31,1381,839,X,1357,291,209,4077,518121,0.786881829
2010,32,1378,809,X,1307,300,214,4008,525260,0.76305068
2010,33,1485,883,X,1592,360,198,4518,537190,0.841043206
2010,34,1520,811,X,1592,295,202,4420,558382,0.791572794
2010,35,1564,1019,X,1866,354,204,5007,548573,0.91273176
2010,36,1850,1076,X,1959,374,234,5493,531250,1.033976471
2010,37,1720,1061,X,2118,358,253,5510,589930,0.93400912
2010,38,2134,1291,X,2510,480,326,6741,623077,1.081888755
2010,39,1995,1269,X,2383,446,294,6387,599366,1.065626011
2010,40,2627,1677,X,3142,627,400,8473,746485,1.135052948
2010,41,2953,1779,X,3522,649,444,9347,746230,1.252562883
2010,42,3044,1898,X,3641,690,411,9684,777397,1.245695571
2010,43,3226,1754,X,3822,682,420,9904,781234,1.267737963
2010,44,3451,1981,X,4397,736,455,11020,766753,1.43722946
2010,45,3927,1956,X,4679,734,511,11807,769982,1.533412469
2010,46,4416,2327,X,5322,774,497,13336,787038,1.694454397
2010,47,4598,2043,X,4145,743,550,12079,606527,1.991502439
2010,48,5045,2440,X,4978,915,619,13997,772016,1.813045325
2010,49,5060,2511,X,5867,893,627,14958,742606,2.014257897
2010,50,6300,2847,X,7194,1031,650,18022,704923,2.556591287
2010,51,7295,3433,X,7071,1262,838,19899,588406,3.381848588
2010,52,7478,4455,X,5764,1581,1068,20346,592880,3.431723114
2011,1,6584,4455,X,6342,1586,1059,20026,744043,2.691511109
2011,2,6238,4220,X,7773,1537,953,20721,711908,2.910628901
2011,3,7247,5095,X,11243,1734,938,26257,751850,3.492318947
2011,4,8007,5952,X,15291,1794,931,31975,798637,4.003696298
2011,5,8195,6536,X,16366,1990,1197,34284,772974,4.435336764
2011,6,8036,6812,X,16516,1996,1096,34456,812230,4.24214816
2011,7,8172,7257,X,17493,2352,1293,36567,831600,4.397186147
2011,8,7839,6425,X,13718,2028,1267,31277,801449,3.902556495
2011,9,6376,4869,X,10496,1740,1146,24627,781629,3.150727519
2011,10,5691,3939,X,8427,1421,899,20377,747993,2.724223355
2011,11,5363,3265,X,6702,1175,804,17309,741807,2.33335625
2011,12,4400,2551,X,5489,978,613,14031,728883,1.925000309
2011,13,4189,2244,X,5025,877,622,12957,739375,1.752426036
2011,14,3701,1985,X,4557,747,508,11498,729089,1.577036548
2011,15,3164,1574,X,3562,641,450,9391,691707,1.35765577
2011,16,3139,1505,X,3064,559,428,8695,662612,1.312230989
2011,17,2895,1324,X,2673,555,383,7830,681240,1.14937467
2011,18,2532,1305,X,2553,524,393,7307,655627,1.114505656
2011,19,2551,1254,X,2595,485,351,7236,651983,1.109844889
2011,20,2353,1131,X,2280,461,305,6530,620485,1.052402556
2011,21,2213,1045,X,2110,405,299,6072,586460,1.035364731
2011,22,2249,1013,X,1980,397,307,5946,531954,1.117765822
2011,23,2040,1037,X,1760,432,278,5547,564322,0.982949451
2011,24,1812,911,X,1599,405,262,4989,539238,0.925194441
2011,25,1604,870,X,1422,308,244,4448,532356,0.835531111
2011,26,1472,750,X,1462,324,210,4218,506732,0.832392665
2011,27,1423,823,X,1269,270,224,4009,468565,0.855591007
2011,28,1255,756,X,1206,316,188,3721,526346,0.706949421
2011,29,1243,733,X,1184,259,178,3597,518011,0.694386799
2011,30,1251,667,X,1188,263,169,3538,514262,0.687976168
2011,31,1088,635,X,1125,203,151,3202,496632,0.644742989
2011,32,1207,704,X,1223,231,158,3523,521671,0.675329853
2011,33,1342,767,X,1358,241,166,3874,531975,0.72822971
2011,34,1505,814,X,1600,305,220,4444,551005,0.806526257
2011,35,1528,887,X,1781,308,213,4717,548228,0.860408443
2011,36,1622,904,X,1809,293,185,4813,514168,0.936075368
2011,37,1788,1022,X,2206,346,205,5567,575887,0.9666827
2011,38,1816,1126,X,2264,374,242,5822,584534,0.996007076
2011,39,2248,1253,X,2514,449,244,6708,605162,1.108463519
2011,40,3106,1765,X,3485,632,377,9365,778182,1.203445981
2011,41,3317,1777,X,3667,672,370,9803,791987,1.237772842
2011,42,3324,1763,X,3837,655,379,9958,794995,1.252586494
2011,43,3453,1773,X,4035,657,380,10298,788840,1.305461184
2011,44,3634,1957,X,4658,760,387,11396,784334,1.452952441
2011,45,3949,2072,X,4348,671,456,11496,797839,1.44089221
2011,46,3923,2166,X,4361,797,474,11721,801594,1.462211543
2011,47,4125,1803,X,3340,679,430,10377,626731,1.655734278
2011,48,4237,2059,X,3955,815,413,11479,782984,1.466058055
2011,49,3995,1938,X,4040,772,442,11187,736905,1.518106133
2011,50,4579,2077,X,4097,838,546,12137,729258,1.664294392
2011,51,5016,2068,X,3535,818,521,11958,645424,1.852735566
2011,52,5243,2315,X,3184,946,668,12356,581697,2.124129916
2012,1,4514,2342,X,3393,1028,715,11992,678631,1.767086974
2012,2,4059,2319,X,3636,918,611,11543,747894,1.543400535
2012,3,4364,2247,X,4030,800,498,11939,724623,1.647615381
2012,4,4766,2303,X,4802,825,513,13209,784244,1.684297234
2012,5,5218,2415,X,5336,915,564,14448,775298,1.863541503
2012,6,5028,2582,X,5555,894,565,14624,784516,1.864079254
2012,7,5277,2937,X,5994,1054,667,15929,789193,2.018390939
2012,8,5246,3009,X,5990,1131,761,16137,767022,2.103850998
2012,9,5219,3141,X,6239,1153,766,16518,788242,2.095549336
2012,10,4811,2832,X,6493,998,629,15763,749198,2.103983193
2012,11,5175,3321,X,6768,1185,701,17150,747570,2.294099549
2012,12,4422,2822,X,5683,988,609,14524,755579,1.922234472
2012,13,3807,2485,X,5256,920,549,13017,747079,1.742386013
2012,14,3582,2306,X,4631,839,572,11930,711808,1.676013757
2012,15,3253,2109,X,4059,767,544,10732,717202,1.496370618
2012,16,3001,1990,X,4020,719,393,10123,732480,1.382017256
2012,17,2638,1831,X,3802,664,435,9370,726772,1.289262657
2012,18,2509,1728,X,3671,636,455,8999,662649,1.358034193
2012,19,2524,1559,X,3468,606,419,8576,655492,1.308330231
2012,20,2465,1547,X,3087,588,375,8062,636347,1.266918835
2012,21,2545,1461,X,3011,483,378,7878,616765,1.277309834
2012,22,2480,1276,X,2601,446,350,7153,550614,1.299095192
2012,23,2336,1281,X,2352,458,338,6765,581700,1.162970603
2012,24,2231,1150,X,2024,428,300,6133,564670,1.086121097
2012,25,2259,1119,X,1974,411,285,6048,572296,1.056795784
2012,26,2168,1058,X,1850,422,288,5786,536380,1.078712853
2012,27,1911,1013,X,1706,388,273,5291,505533,1.046618124
2012,28,1913,964,X,1751,337,220,5185,558637,0.928151913
2012,29,1818,914,X,1640,318,241,4931,546713,0.901935751
2012,30,1752,975,X,1721,372,283,5103,557488,0.915356026
2012,31,1728,1050,X,1706,408,267,5159,541600,0.952548006
2012,32,1660,989,X,1718,375,284,5026,548294,0.916661499
2012,33,1721,986,X,1755,357,232,5051,560110,0.901787149
2012,34,2098,1194,X,2128,425,296,6141,594395,1.033151356
2012,35,1958,1305,X,2335,443,277,6318,600354,1.052379096
2012,36,1886,1317,X,2294,481,318,6296,558585,1.12713374
2012,37,2176,1408,X,2870,513,415,7382,622114,1.186599241
2012,38,2295,1530,X,2972,511,348,7656,630563,1.214153066
2012,39,2421,1546,X,2867,575,398,7807,623572,1.251980525
2012,40,2773,1814,X,3691,702,415,9395,779285,1.205592306
2012,41,2960,1957,X,4007,745,489,10158,769959,1.319291027
2012,42,3202,1902,X,4233,760,488,10585,797444,1.327365934
2012,43,3346,2012,X,4268,771,516,10913,798388,1.366879262
2012,44,3326,2032,X,4422,797,484,11061,734781,1.505346491
2012,45,3733,2330,X,5145,925,541,12674,785871,1.612732879
2012,46,4034,2569,X,5526,897,597,13623,777534,1.752077723
2012,47,4651,2824,X,5387,1105,683,14650,627772,2.333649796
2012,48,5102,3950,X,7018,1498,953,18521,831730,2.226804372
2012,49,6486,4672,X,10857,1791,1071,24877,835762,2.976565099
2012,50,7446,5692,X,12945,2087,1262,29432,811800,3.625523528
2012,51,8546,7437,X,13971,2730,1648,34332,754019,4.553200914
2012,52,9709,9295,X,11391,3639,2554,36588,607171,6.025979502
2013,1,8444,9679,X,9108,4080,2792,34103,687051,4.963678097
2013,2,8297,10877,X,13424,4502,2796,39896,850531,4.69071674
2013,3,8633,8977,X,15992,3523,2316,39441,838326,4.704733004
2013,4,7441,7021,X,13439,2760,1765,32426,778610,4.16460102
2013,5,6609,6421,X,12653,2551,1574,29808,806640,3.695328771
2013,6,5757,5236,X,10816,1971,1207,24987,772086,3.236297511
2013,7,5289,4698,X,9395,1894,1045,22321,771229,2.894211706
2013,8,5099,4357,X,8415,1625,1023,20519,755092,2.717417215
2013,9,4633,4030,X,7981,1619,968,19231,762238,2.522965268
2013,10,4791,3935,X,7709,1536,858,18829,737736,2.55226802
2013,11,4480,3606,X,7065,1352,889,17392,715059,2.43224685
2013,12,3957,3191,X,6095,1270,741,15254,723449,2.108510759
2013,13,3830,2924,X,5204,1124,632,13714,704276,1.947247954
2013,14,3516,2677,X,4299,1106,675,12273,701881,1.748587011
2013,15,3110,2219,X,3929,957,603,10818,722583,1.49712905
2013,16,2707,1757,X,3509,724,491,9188,694415,1.323128101
2013,17,2588,1630,X,3364,582,425,8589,700300,1.226474368
2013,18,2439,1470,X,3142,565,370,7986,667648,1.196139283
2013,19,2422,1474,X,2877,570,361,7704,647130,1.190487228
2013,20,2431,1345,X,2583,565,393,7317,623114,1.174263457
2013,21,2230,1279,X,2219,493,368,6589,581338,1.133419801
2013,22,2109,1147,X,2094,483,357,6190,541528,1.143061855
2013,23,1983,1086,X,1779,460,330,5638,558875,1.008812346
2013,24,1969,1112,X,1713,468,277,5539,541138,1.023583633
2013,25,1877,1040,X,1766,489,302,5474,546643,1.001384816
2013,26,1703,947,X,1581,399,285,4915,540408,0.909498009
2013,27,1594,851,X,1489,321,251,4506,474295,0.950041641
2013,28,1576,862,X,1491,362,219,4510,543833,0.8292987
2013,29,1432,849,X,1405,315,185,4186,521874,0.802109321
2013,30,1416,800,X,1464,332,221,4233,524969,0.806333326
2013,31,1216,852,X,1284,350,184,3886,487617,0.79693694
2013,32,1367,870,X,1338,302,198,4075,523015,0.779136354
2013,33,1364,919,X,1366,331,188,4168,522533,0.797652971
2013,34,1331,892,X,1561,301,232,4317,522965,0.825485453
2013,35,1499,1014,X,1814,410,316,5053,540157,0.935468762
2013,36,1681,1137,X,2035,462,311,5626,539175,1.043446005
2013,37,1926,1217,X,2437,440,354,6374,584196,1.091072174
2013,38,2175,1350,X,2683,537,365,7110,591969,1.201076408
2013,39,2393,1500,X,2963,648,459,7963,631088,1.261789164
2013,40,2974,1840,X,3769,638,456,9677,854487,1.132492361
2013,41,3276,1924,X,3925,762,533,10420,860298,1.211208209
2013,42,3483,2010,X,3880,785,500,10658,848016,1.256815909
2013,43,3930,2292,X,4484,816,514,12036,877917,1.370972427
2013,44,4045,2354,X,4642,930,531,12502,874537,1.42955644
2013,45,4434,2511,X,5062,953,538,13498,878845,1.535879478
2013,46,4643,2716,X,5000,990,578,13927,868987,1.602670696
2013,47,4835,3088,X,5579,1083,583,15168,875411,1.732671854
2013,48,4937,3027,X,4313,1059,639,13975,665926,2.098581524
2013,49,5549,4375,X,6579,1552,865,18920,854664,2.213735456
2013,50,5501,4458,X,7046,1591,802,19398,802651,2.416741523
2013,51,6555,6525,X,8406,2272,939,24697,814891,3.030712083
2013,52,7814,7499,X,7485,2874,1316,26988,615148,4.387236893
2014,1,7488,9135,X,6726,3555,1750,28654,680424,4.211197724
2014,2,6233,8846,X,7881,3565,1622,28147,812343,3.464915682
2014,3,6007,8091,X,9517,3149,1606,28370,855297,3.316976442
2014,4,5878,6818,X,8858,2616,1332,25502,786928,3.240703088
2014,5,5133,6031,X,8714,2403,1203,23484,813726,2.885983734
2014,6,4729,5278,X,7711,2242,1125,21085,804244,2.621716792
2014,7,4210,4470,X,6717,1829,969,18195,777340,2.340674608
2014,8,4250,4306,X,6121,1684,873,17234,812700,2.120585702
2014,9,3953,3691,X,5875,1505,890,15914,832786,1.910935102
2014,10,3775,3472,X,5575,1430,792,15044,790831,1.902302768
2014,11,3616,3210,X,5022,1360,816,14024,794024,1.766193465
2014,12,3798,3285,X,5611,1422,810,14926,803374,1.857914247
2014,13,3523,3256,X,5812,1298,772,14661,805133,1.820941385
2014,14,3582,3153,X,5659,1436,807,14637,797863,1.834525476
2014,15,3574,2943,X,5587,1316,786,14206,809707,1.754461799
2014,16,3130,2516,X,4279,1088,710,11723,773101,1.516360734
2014,17,2846,2504,X,3770,1036,658,10814,770592,1.403336655
2014,18,2501,2084,X,3591,913,559,9648,766139,1.259301511
2014,19,2789,2009,X,3615,834,528,9775,737834,1.324823741
2014,20,2544,1876,X,3256,825,532,9033,708049,1.275759164
2014,21,2733,1742,X,3068,771,483,8797,679395,1.294828487
2014,22,2528,1542,X,2459,625,504,7658,624582,1.226100016
2014,23,2383,1492,X,2349,607,398,7229,631143,1.145382267
2014,24,2227,1413,X,2181,561,401,6783,635233,1.06779717
2014,25,2159,1285,X,2009,528,388,6369,593740,1.072691751
2014,26,2049,1235,X,1917,509,328,6038,596063,1.012980172
2014,27,1865,1075,X,1688,416,308,5352,538049,0.994704943
2014,28,1758,1122,X,1623,441,351,5295,601116,0.880861597
2014,29,1582,1116,X,1621,403,361,5083,592305,0.858172732
2014,30,1455,1128,X,1450,398,334,4765,591814,0.805151619
2014,31,1450,1094,X,1655,417,326,4942,603580,0.818781272
2014,32,1460,1074,X,1528,409,273,4744,605307,0.783734535
2014,33,1528,1107,X,1631,403,311,4980,586778,0.848702576
2014,34,1569,1196,X,1813,412,315,5305,635980,0.834145728
2014,35,1684,1223,X,2184,401,307,5799,640080,0.905980502
2014,36,1753,1284,X,2258,453,302,6050,578913,1.045062039
2014,37,2300,1550,X,3316,568,396,8130,695966,1.168160514
2014,38,2535,1705,X,3650,605,393,8888,696282,1.276494294
2014,39,2522,1820,X,3447,657,428,8874,683887,1.297582788
2014,40,2958,1959,X,3994,712,527,10150,841540,1.206122109
2014,41,3055,2116,X,4437,821,548,10977,828544,1.324854202
2014,42,3442,2321,X,4728,870,580,11941,845727,1.411921341
2014,43,3455,2459,X,4955,892,531,12292,862314,1.425466825
2014,44,3632,2242,X,5102,807,530,12313,855608,1.439093604
2014,45,4277,2349,X,5799,863,565,13853,857601,1.615319945
2014,46,4424,2323,X,5816,911,588,14062,844700,1.664733041
2014,47,4740,2921,X,7322,1049,642,16674,831289,2.00580063
2014,48,5432,3277,X,6848,1165,880,17602,671251,2.622267974
2014,49,6185,4623,X,9106,1767,1224,22905,878430,2.607492913
2014,50,7424,5287,X,13050,1970,1441,29172,853532,3.417798044
2014,51,9270,6920,X,16418,2671,2103,37382,837119,4.465553882
2014,52,10363,8982,X,13951,3718,3519,40533,662849,6.114967361
2014,53,9732,9348,X,9406,4288,4117,36891,694773,5.309791831
2015,1,7160,8072,X,9589,3614,3048,31483,771835,4.078980611
2015,2,7044,6946,X,11966,2909,2339,31204,792459,3.937616962
2015,3,7840,6451,X,13949,2951,2030,33221,800359,4.150762345
2015,4,7118,5844,X,13159,2585,1915,30621,789407,3.878987645
2015,5,6656,5380,X,12093,2368,1654,28151,814097,3.457941744
2015,6,6429,4884,X,10328,2072,1505,25218,823153,3.063585992
2015,7,5537,4295,X,8164,1842,1271,21109,746836,2.826457214
2015,8,4823,4061,X,7280,1765,1249,19178,812660,2.359904511
2015,9,4639,3914,X,7116,1696,1076,18441,789858,2.334723457
2015,10,4710,3654,X,6748,1654,1067,17833,805881,2.21285773
2015,11,4559,3482,X,6084,1573,997,16695,804117,2.076190405
2015,12,4418,3284,X,6003,1486,931,16122,801027,2.01266624
2015,13,4174,2968,X,5623,1321,889,14975,771143,1.941922575
2015,14,3903,2931,X,4634,1387,878,13733,785602,1.748086181
2015,15,3448,2448,X,4214,1160,774,12044,800974,1.503669283
2015,16,3182,2052,X,4011,975,640,10860,756827,1.434938236
2015,17,3203,2122,X,4280,888,602,11095,761638,1.456728787
2015,18,3106,2074,X,4079,846,589,10694,748690,1.428361538
2015,19,2805,1810,X,3641,813,602,9671,714799,1.352967757
2015,20,2754,1768,X,3296,736,470,9024,678023,1.330928302
2015,21,2593,1461,X,2714,652,493,7913,616171,1.284221426
2015,22,2211,1334,X,2345,594,462,6946,609891,1.138892032
2015,23,2109,1320,X,2284,575,456,6744,611184,1.103432027
2015,24,1734,1167,X,2046,495,408,5850,602628,0.970748123
2015,25,1897,1170,X,1921,496,429,5913,592081,0.998680924
2015,26,1678,1043,X,1701,430,380,5232,534938,0.97805727
2015,27,1546,1081,X,1675,443,371,5116,590468,0.866431373
2015,28,1487,1028,X,1609,405,341,4870,588337,0.827756881
2015,29,1383,1011,X,1498,413,321,4626,580010,0.797572456
2015,30,1415,999,X,1459,432,300,4605,567663,0.811220742
2015,31,1392,1026,X,1590,420,325,4753,578812,0.821164731
2015,32,1330,1062,X,1667,400,291,4750,579668,0.819434573
2015,33,1429,1134,X,1815,436,359,5173,609994,0.848041128
2015,34,1687,1151,X,2033,423,354,5648,635661,0.888523914
2015,35,1636,1230,X,2292,481,324,5963,619323,0.962825537
2015,36,1714,1297,X,2169,461,329,5970,583853,1.022517654
2015,37,1993,1392,X,2744,536,397,7062,651524,1.083920163
2015,38,2178,1520,X,2947,627,432,7704,654414,1.177236428
2015,39,2170,1654,X,2746,652,404,7626,650904,1.171601342
2015,40,2868,2059,X,3753,899,626,10205,814503,1.252911285
2015,41,3014,2094,X,4001,910,678,10697,809033,1.322195757
2015,42,3261,2357,X,4360,951,653,11582,827238,1.400080751
2015,43,3138,2255,X,4147,926,693,11159,821596,1.358210118
2015,44,3592,2458,X,4798,937,694,12479,848307,1.471047628
2015,45,3753,2513,X,4729,943,742,12680,826121,1.534884115
2015,46,3961,2659,X,5078,1025,769,13492,838073,1.609883626
2015,47,3972,2427,X,4066,981,703,12149,638819,1.901790648
2015,48,4467,3009,X,5076,1232,829,14613,840747,1.738097192
2015,49,4586,2902,X,5379,1252,873,14992,823133,1.821333855
2015,50,5137,2963,X,5105,1252,943,15400,781499,1.970571939
2015,51,5366,2874,X,4307,1252,1006,14805,611577,2.420790841
2015,52,5697,3263,X,4007,1521,1178,15666,649067,2.413618317
2016,1,4775,3594,X,4490,1631,1158,15648,784274,1.995221058
2016,2,4569,3179,X,5360,1378,1021,15507,778006,1.993172289
2016,3,4764,3205,X,5355,1291,950,15565,738719,2.107025811
2016,4,5085,3608,X,6876,1551,1004,18124,829706,2.184388205
2016,5,5130,3755,X,7347,1625,1070,18927,821321,2.304458306
2016,6,5640,4590,X,8415,1912,1175,21732,811046,2.679502766
2016,7,5993,5625,X,9302,2337,1361,24618,827036,2.976653979
2016,8,6298,5984,X,10117,2609,1389,26397,846437,3.118601857
2016,9,6541,6351,X,11316,2588,1432,28228,850097,3.320562242
2016,10,6628,7309,X,11801,2966,1615,30319,845684,3.585145279
2016,11,5557,6006,X,9313,2482,1463,24821,802223,3.094027471
2016,12,5172,4963,X,8472,1993,1274,21874,784396,2.788642471
2016,13,4565,4458,X,7374,1945,1195,19537,773450,2.525955136
2016,14,3706,3851,X,6376,1651,1127,16711,788495,2.119353959
2016,15,3567,3513,X,6600,1534,1035,16249,791886,2.051936769
2016,16,3514,3233,X,6386,1373,941,15447,773326,1.997475838
2016,17,3156,2981,X,5556,1235,898,13826,775528,1.782785406
2016,18,2767,2584,X,4719,1034,745,11849,738655,1.604131834
2016,19,2859,2278,X,4041,847,664,10689,728549,1.467162813
2016,20,2679,1992,X,3620,839,643,9773,685698,1.425263017
2016,21,2604,1709,X,3122,717,618,8770,632621,1.38629606
2016,22,2543,1634,X,2616,661,531,7985,595186,1.341597417
2016,23,2291,1459,X,2312,617,517,7196,628873,1.144269193
2016,24,2188,1350,X,2166,545,466,6715,613827,1.09395644
2016,25,2060,1176,X,1900,493,386,6015,599801,1.002832606
2016,26,1873,1143,X,1810,469,383,5678,570255,0.995694908
2016,27,1647,985,X,1647,463,383,5125,550289,0.931328811
2016,28,1609,1064,X,1598,421,383,5075,599113,0.847085608
2016,29,1669,990,X,1614,382,374,5029,595627,0.844320355
2016,30,1576,1031,X,1622,362,323,4914,589939,0.832967476
2016,31,1454,967,X,1493,356,314,4584,577036,0.794404509
2016,32,1511,1011,X,1632,381,318,4853,581712,0.834261628
2016,33,1654,1033,X,1916,374,305,5282,615568,0.858069295
2016,34,1840,1228,X,2356,461,349,6234,618158,1.008480033
2016,35,1809,1237,X,2636,454,337,6473,608344,1.064036137
2016,36,1879,1276,X,2585,468,379,6587,596229,1.104776856
2016,37,2017,1504,X,3052,575,451,7599,660531,1.150438057
2016,38,2342,1540,X,3278,614,436,8210,671515,1.222608579
2016,39,2396,1641,X,3297,634,482,8450,647311,1.305400341
2016,40,3106,2141,X,4135,827,638,10847,855942,1.267258763
2016,41,3190,2141,X,4030,871,673,10905,833006,1.30911422
2016,42,3536,2213,X,4381,952,668,11750,859439,1.36717091
2016,43,3744,2373,X,4651,961,678,12407,848133,1.462860188
2016,44,4273,2419,X,5140,1008,694,13534,845206,1.601266437
2016,45,4659,2508,X,5065,1037,730,13999,827713,1.691286714
2016,46,4936,2639,X,5493,1073,818,14959,848875,1.762214696
2016,47,5007,2630,X,4561,1119,869,14186,679948,2.086336014
2016,48,5237,3383,X,5655,1429,1063,16767,850551,1.971310362
2016,49,5426,3210,X,5762,1457,1034,16889,801017,2.10844464
2016,50,5591,3454,X,6475,1506,1013,18039,757089,2.382678919
2016,51,6164,3880,X,6975,1861,1333,20213,667006,3.030407523
2016,52,6860,4610,X,6227,2274,1755,21726,584441,3.717398334
